date,지육_평균_예측,지육_평균_하한,지육_평균_상한,암송아지_예측,암송아지_하한,암송아지_상한,숫송아지_예측,숫송아지_하한,숫송아지_상한
2026-10-09,23290,22668,23959,4037888,3879099,4188275,5101115,4810718,5391005
2026-10-13,23436,22798,24102,4111710,3956895,4264988,5073205,4780741,5366158
2026-10-14,23440,22766,24072,4104147,3950213,4253399,5056407,4729347,5346744
2026-10-15,23445,22796,24110,4096144,3942222,4246923,5040366,4754841,5316783
2026-10-16,23392,22785,24054,4085020,3944491,4242129,5013451,4752265,5320321
2026-10-20,23484,22903,24124,4055761,3906159,4197542,4984409,4683602,5270220
2026-10-21,23462,22804,24074,4047105,3885869,4200418,4972749,4691780,5246420
2026-10-22,23443,22780,24089,4039276,3880155,4177337,4964066,4687841,5253357
2026-10-23,23369,22705,24027,4029514,3882056,4182349,4946242,4648157,5230217
2026-10-27,23328,22678,24005,4012506,3861463,4164638,4948620,4653321,5247503
2026-10-28,23278,22598,23922,4008922,3857682,4163690,4945317,4652174,5219600
2026-10-29,23241,22640,23888,4007037,3854146,4153525,4945908,4648480,5240037
2026-10-30,23157,22545,23814,4003900,3864756,4149513,4937790,4643812,5227288
2026-11-03,23095,22445,23752,4013779,3863215,4165085,4964465,4676682,5234135
2026-11-04,23054,22374,23756,4016775,3863630,4173688,4964915,4670708,5247996
2026-11-05,23037,22383,23660,4021373,3861089,4169985,4969142,4696186,5258308
2026-11-06,22983,22387,23609,4024450,3871718,4173005,4964293,4668858,5249174
2026-11-10,23052,22420,23757,4051440,3888109,4197388,4987627,4698184,5261769
2026-11-11,23051,22392,23720,4056814,3898005,4197710,4985044,4693509,5288748
2026-11-12,23077,22378,23737,4063142,3894716,4211130,4986314,4687046,5295478
2026-11-13,23069,22439,23667,4067268,3914428,4231583,4978583,4697068,5259776
2026-11-17,23271,22639,23974,4089597,3938388,4235084,4982756,4710251,5272415
2026-11-18,23292,22653,23933,4092219,3941214,4244124,4975563,4673374,5268062
2026-11-19,23337,22730,23987,4095449,3938250,4244693,4973095,4679082,5253574
2026-11-20,23343,22720,23997,4096216,3946942,4259539,4962552,4677419,5253937
2026-11-24,23507,22845,24211,4102227,3950224,4259571,4956531,4663724,5243709
2026-11-25,23501,22860,24211,4100822,3951533,4249988,4948453,4690402,5243455
2026-11-26,23515,22845,24199,4100301,3944364,4255047,4946106,4661336,5235036
2026-11-27,23487,22807,24176,4097666,3942022,4236048,4936672,4645196,5225585
2026-12-01,23462,22810,24102,4092456,3951058,4241000,4935066,4637223,5217691
2026-12-02,23407,22734,24161,4089201,3938560,4256607,4928710,4617055,5203882
2026-12-03,23375,22685,24123,4087248,3932472,4238723,4928313,4657716,5225376
2026-12-04,23305,22671,23987,4083591,3929651,4236838,4921039,4616649,5213027
2026-12-08,23150,22438,23856,4075736,3920193,4225145,4920953,4647903,5210904
2026-12-09,23082,22402,23807,4072135,3917222,4222173,4913857,4626577,5192246
2026-12-10,23045,22344,23775,4069858,3919962,4221871,4912271,4608442,5201068
2026-12-11,22982,22280,23673,4065877,3912222,4220091,4903518,4641436,5192825
2026-12-15,22925,22221,23651,4054284,3890887,4205814,4889035,4607867,5181346
2026-12-16,22903,22191,23670,4049219,3891431,4208412,4877565,4602725,5163462
2026-12-17,22919,22245,23653,4045247,3897572,4214896,4871505,4575806,5156582
2026-12-18,22915,22199,23655,4039410,3891280,4199938,4858534,4561641,5142613
2026-12-22,23110,22370,23884,4018260,3863850,4166473,4827164,4522982,5112993
2026-12-23,23150,22452,23886,4010793,3854737,4171129,4813110,4522980,5096893
2026-12-24,23226,22524,23951,4004549,3852653,4158581,4805303,4518210,5080545
2026-12-25,23278,22527,24053,3996723,3842171,4148949,4791803,4488381,5096297
2026-12-29,23613,22869,24388,3971034,3819952,4128917,4766975,4462343,5050016
2026-12-30,23667,22967,24440,3963889,3816770,4139314,4757682,4482601,5039173
2026-12-31,23746,22979,24594,4179528,4030528,4329588,4784866,4479940,5075123
2027-01-01,23790,23075,24593,3952605,3812200,4108911,4749277,4470169,5038980
2027-01-05,23984,23259,24762,3941162,3790530,4100672,4758666,4460859,5039767
2027-01-06,23981,23243,24753,3939427,3788896,4110554,4759342,4463789,5057932
2027-01-07,23995,23252,24894,3940172,3781395,4084815,4767293,4494478,5051022
2027-01-08,23971,23148,24779,3940701,3791936,4095966,4770939,4495747,5038316
2027-01-12,23852,23092,24710,3958024,3800826,4112439,4813352,4528624,5096708
2027-01-13,23772,22973,24609,3963609,3805776,4136705,4820234,4538346,5110155
2027-01-14,23713,22991,24703,3971381,3824555,4135543,4833004,4524077,5104521
2027-01-15,23621,22812,24472,3978584,3825428,4133773,4840325,4573705,5113943
2027-01-19,23297,22485,24179,4015531,3856111,4163262,4880877,4580422,5167344
2027-01-20,23192,22424,24054,4023855,3868819,4183313,4883757,4604087,5163844
2027-01-21,23116,22303,24027,4033276,3881202,4197872,4890944,4627983,5171352
2027-01-22,23019,22225,23904,4041085,3895054,4211333,4891589,4622891,5171412
2027-01-26,22776,21971,23723,4069180,3915036,4227881,4894096,4623540,5207613
2027-01-27,22715,21823,23598,4072832,3924128,4232547,4886201,4592554,5176490
2027-01-28,22691,21871,23632,4076697,3923644,4227611,4882259,4606418,5160584
2027-01-29,22927,22063,23916,4182716,4013801,4340658,4958000,4661412,5232576
2027-02-02,23400,22559,24408,4203391,4061624,4372345,5012628,4720536,5290846
2027-02-03,22989,22099,23938,4087640,3945755,4247947,4880528,4593402,5173628
2027-02-04,22889,22060,23788,4077067,3917923,4251412,4840029,4567163,5137628
2027-02-05,22772,21945,23715,4064628,3916386,4226867,4794512,4499152,5101979
2027-02-09,21498,20613,22448,3968917,3810915,4134974,4438493,4152430,4726659
2027-02-10,23069,22150,24029,4037158,3893782,4208594,4740009,4466126,5037356
2027-02-11,23144,22312,24192,4032411,3870042,4195369,4733807,4480189,4997421
2027-02-12,23197,22320,24199,4027120,3865116,4192578,4724454,4462093,5011328
2027-02-16,23445,22551,24552,4017198,3858554,4191516,4714662,4436296,4991241
2027-02-17,23477,22484,24553,4016509,3861396,4171797,4712397,4416932,4996659
2027-02-18,23527,22568,24623,4018215,3871146,4179274,4716522,4445775,5002897
2027-02-19,23549,22627,24737,4020197,3858053,4192007,4717865,4429176,4996875
2027-02-23,23627,22629,24719,4043811,3890985,4215669,4747993,4465238,5032902
2027-02-24,23611,22627,24817,4051866,3904918,4220215,4754593,4466711,5038058
2027-02-25,23612,22617,24787,4062038,3909440,4223954,4766548,4461843,5045570
2027-02-26,23587,22523,24700,4072133,3919530,4233738,4774985,4474424,5063274
2027-03-02,23492,22483,24717,4121080,3960805,4285738,4822195,4536859,5097453
2027-03-03,23444,22387,24635,4133188,3983141,4302478,4830535,4538222,5108377
2027-03-04,23414,22387,24548,4146262,3984630,4305600,4842949,4531483,5110448
2027-03-05,23365,22285,24576,4158160,4008907,4331575,4851016,4574989,5155722
2027-03-09,23219,22121,24535,4202715,4045143,4368872,4887539,4601318,5157008
2027-03-10,23171,22172,24445,4211121,4036629,4377940,4891800,4589113,5169876
2027-03-11,23146,22041,24338,4219535,4057712,4388088,4899503,4638368,5184620
2027-03-12,23106,22070,24427,4226022,4067416,4397534,4902743,4617197,5181526
2027-03-16,23032,21842,24260,4243464,4084444,4413192,4918664,4655451,5216827
2027-03-17,23010,21831,24405,4244531,4087121,4410562,4918327,4645398,5185320
2027-03-18,23012,21880,24277,4245610,4092826,4407490,4921544,4635374,5209000
2027-03-19,23001,21999,24306,4244999,4086813,4422605,4920861,4667193,5193174
2027-03-23,23042,21872,24432,4238391,4080491,4416086,4925372,4649719,5219159
2027-03-24,23048,21856,24392,4235124,4071211,4407124,4923722,4652605,5208649
2027-03-25,23075,21882,24465,4232625,4062968,4402022,4925977,4648390,5217406
2027-03-26,23088,21947,24452,4229325,4066397,4391351,4925052,4642485,5206496
2027-03-30,23199,21978,24534,4220556,4059704,4404252,4933101,4639957,5213667
2027-03-31,23215,21984,24650,4218878,4065199,4394774,4933612,4660483,5199474
2027-04-01,23249,21979,24713,4218661,4050614,4397492,4938193,4662966,5241357
2027-04-02,23267,22005,24677,4218353,4056603,4394287,4940078,4641011,5223457
2027-04-06,23356,22066,24901,4226411,4066677,4408816,4961199,4678569,5247436
2027-04-07,23360,22098,24869,4229738,4074092,4390869,4965503,4688289,5234219
2027-04-08,23377,22004,25039,4234585,4070779,4413951,4973744,4677626,5259177
2027-04-09,23375,22015,24933,4239381,4068525,4403755,4979464,4694424,5265088
2027-04-13,23365,21897,25180,4265975,4094714,4447667,5014797,4741696,5298868
2027-04-14,23341,21896,25032,4273140,4104420,4436085,5022439,4739832,5330782
2027-04-15,23329,21985,25001,4281325,4121398,4461694,5033605,4745708,5317506
2027-04-16,23299,21843,24928,4288993,4115790,4482278,5042135,4757896,5330215
2027-04-20,23182,21765,24993,4321438,4166054,4512363,5084862,4794157,5378752
2027-04-21,23138,21775,24892,4328676,4166573,4503926,5093471,4815216,5370920
2027-04-22,23108,21642,24820,4336338,4164336,4512146,5104959,4823576,5393834
2027-04-23,23064,21471,24706,4342989,4170780,4524806,5113470,4822661,5370708
2027-04-27,22935,21456,24729,4366671,4184816,4550129,5150613,4879501,5437833
2027-04-28,22901,21392,24755,4370820,4190134,4541150,5156697,4865419,5443206
2027-04-29,22884,21415,24636,4375080,4206567,4567187,5165021,4872131,5434693
2027-04-30,22861,21275,24641,4378147,4202580,4564026,5170074,4906983,5452501
2027-05-04,22856,21338,24811,4386345,4204051,4575353,5189682,4911791,5452147
2027-05-05,22370,20877,24079,4179110,4016526,4362093,5112220,4817335,5403262
2027-05-06,22952,21317,24868,4144944,3961772,4325567,5218502,4927609,5485468
2027-05-07,22911,21247,24749,4386671,4215462,4563775,5194659,4903755,5460878
2027-05-11,22310,20659,24284,4344832,4155879,4529889,5036237,4746145,5325825
2027-05-12,23139,21459,24998,4381260,4204754,4587690,5195431,4918442,5481335
2027-05-13,23205,21516,25211,4380019,4205466,4564016,5196128,4917138,5476030
2027-05-14,23262,21518,25306,4378229,4202818,4562802,5194524,4900162,5475835
2027-05-18,23532,21869,25623,4373883,4188804,4563086,5196624,4907635,5478271
2027-05-19,23589,21951,25694,4373111,4197336,4558708,5196807,4913560,5458931
2027-05-20,23656,21722,25897,4373308,4196128,4561142,5200078,4906774,5476781
2027-05-21,23708,21899,25789,4373431,4194880,4563338,5201898,4919626,5472089
2027-05-25,23889,22070,26100,4380590,4187254,4574103,5223253,4934064,5512630
2027-05-26,23911,22063,26173,4383519,4212276,4574945,5229350,4933987,5503903
2027-05-27,23937,22036,26211,4387611,4205130,4583428,5238568,4933711,5527455
2027-05-28,23945,22032,26283,4391828,4213342,4592093,5246496,4955566,5539798
2027-06-01,23934,21992,26252,4415785,4216856,4619901,5289811,5029609,5590087
2027-06-02,23908,22037,26260,4422737,4238814,4609741,5300327,5028208,5585405
2027-06-03,23888,21783,26198,4430611,4239247,4622069,5313146,5040211,5580935
2027-06-04,23854,21833,26236,4438367,4252688,4629877,5324018,5035315,5590609
2027-06-08,23717,21631,26155,4472642,4281800,4678059,5369969,5051480,5652141
2027-06-09,23674,21655,26060,4481039,4286316,4678824,5378912,5103675,5674676
2027-06-10,23642,21652,26044,4489808,4299754,4676658,5389137,5086025,5670339
2027-06-11,23603,21608,26062,4497954,4309546,4687875,5396676,5144381,5690449
2027-06-15,23502,21281,25842,4528498,4349384,4735301,5422244,5151552,5703970
2027-06-16,23481,21388,25968,4534787,4348986,4737192,5425022,5139561,5694251
2027-06-17,23475,21363,25980,4541018,4348736,4761320,5428756,5129198,5720187
2027-06-18,23465,21244,25926,4546301,4355329,4743319,5429837,5123282,5714503
2027-06-22,23492,21274,26044,4563071,4357502,4765569,5431227,5156203,5722819
2027-06-23,23503,21316,25990,4565702,4376584,4758807,5429102,5136492,5715890
2027-06-24,23526,21325,26030,4568293,4376264,4768449,5428438,5146722,5719897
2027-06-25,23544,21299,26101,4570062,4384034,4770678,5425901,5157998,5705420
2027-06-29,23644,21484,26220,4574826,4373597,4794603,5419992,5152034,5704172
2027-06-30,23663,21253,26427,4575192,4385168,4782595,5417930,5140876,5697406
2027-07-01,23690,21384,26510,4575822,4370944,4783426,5417866,5139860,5706448
2027-07-02,23706,21495,26386,4575987,4375757,4783491,5416586,5155298,5678170
2027-07-06,23768,21413,26448,4577294,4367049,4789138,5419137,5154075,5703384
2027-07-07,23771,21461,26577,4577398,4377663,4811492,5419598,5147627,5699972
2027-07-08,23780,21204,26562,4577884,4360566,4795228,5421855,5130132,5705353
2027-07-09,23779,21249,26544,4578009,4358393,4796679,5422766,5144238,5690378
2027-07-13,23774,21084,26696,4578710,4371192,4778810,5429721,5158390,5721502
2027-07-14,23767,21215,26687,4578286,4368043,4786764,5429952,5152107,5751348
2027-07-15,23766,21262,26636,4577964,4376830,4785673,5431249,5131331,5719843
2027-07-16,23760,21287,26682,4577004,4383893,4796267,5430645,5137715,5701907
2027-07-20,23773,21131,26723,4569995,4383103,4787958,5425639,5137921,5710311
2027-07-21,23779,21051,26715,4566842,4363681,4783391,5421862,5162975,5695870
2027-07-22,23796,21188,26734,4563497,4367407,4783620,5418832,5127499,5691158
2027-07-23,23810,21258,26796,4559309,4358466,4770283,5413872,5127795,5689204
2027-07-27,23920,20962,26930,4538445,4338673,4767854,5392786,5096717,5667308
2027-07-28,23953,21154,27095,4532032,4331929,4752131,5386080,5108150,5662548
2027-07-29,23995,21179,27187,4525664,4324060,4742393,5380693,5083454,5668030
2027-07-30,24034,21258,27248,4518824,4310664,4738859,5374200,5088801,5660278
2027-08-03,24224,21238,27675,4492579,4291716,4713413,5355597,5053961,5642955
2027-08-04,24270,21369,27574,4486514,4273416,4712418,5351893,5072499,5631727
2027-08-05,24322,21360,27674,4481253,4277116,4695874,5350331,5075775,5619003
2027-08-06,24368,21356,27777,4476343,4281833,4710094,5348581,5057518,5635187
2027-08-10,24554,21591,27914,4465773,4249353,4688092,5355379,5057656,5668991
2027-08-11,24592,21483,28134,4465471,4255463,4679017,5359110,5066481,5643395
2027-08-12,24635,21565,28010,4466566,4243780,4683831,5365038,5077726,5662729
2027-08-13,24671,21734,28145,4468545,4254200,4702168,5370820,5075819,5657833
2027-08-17,24812,21617,28443,4488511,4264201,4712428,5404329,5129533,5685186
2027-08-18,24842,21680,28618,4496004,4259261,4715738,5413302,5139511,5687691
2027-08-19,24877,21596,28496,4504687,4298223,4755782,5423595,5136002,5686027
2027-08-20,24907,21746,28691,4513958,4290234,4758874,5432925,5147212,5705174
2027-08-24,25046,21778,28925,4557822,4339690,4801707,5471006,5185038,5743961
2027-08-25,25081,21870,28994,4569571,4342010,4810974,5478851,5178235,5769523
2027-08-26,25121,21726,29020,4581693,4365989,4824104,5487131,5226715,5774525
2027-08-27,25158,21823,28981,4593590,4364258,4843818,5493777,5191129,5793925
2027-08-31,25329,21846,29406,4639840,4394521,4892640,5516035,5210415,5799996
2027-09-01,25370,21777,29442,4650381,4410619,4906090,5519403,5229698,5780897
2027-09-02,25416,21944,29582,4660692,4436057,4900763,5523207,5209185,5808592
2027-09-03,25455,21903,29559,4670298,4440957,4918992,5525632,5231727,5809776
2027-09-07,25605,22175,29703,4704509,4475113,4959764,5535188,5247395,5840274
2027-09-08,25633,22024,29991,4711884,4483851,4967972,5536937,5253743,5842452
2027-09-09,25660,22004,30105,4719158,4483003,4959858,5539775,5281968,5829617
2027-09-10,25679,22203,29946,4725973,4491372,4977974,5542008,5253258,5819794
2027-09-14,25715,21917,30208,4752676,4504485,5015124,5557203,5280639,5831999
2027-09-15,25709,21875,30006,4759300,4516037,5002497,5561667,5279210,5861821
2027-09-16,25702,22057,30139,4766271,4521358,5020109,5567461,5287397,5854367
2027-09-17,25559,21776,29871,4694571,4456683,4946561,5550288,5270949,5837374
2027-09-21,25764,22022,30247,4739086,4501827,4997980,5636237,5332404,5911620
2027-09-22,25708,21873,30080,4716279,4476159,4975021,5615112,5331767,5882102
2027-09-23,25646,21912,30001,4824748,4575082,5089479,5632373,5368054,5908462
2027-09-24,25596,21670,30365,4718280,4469735,4964772,5613623,5333628,5883686
2027-09-28,25431,21563,29919,4745905,4501535,5009907,5615864,5337466,5890221
2027-09-29,25449,21365,30175,4763085,4510374,5039795,5632115,5333242,5891562
2027-09-30,25413,21318,30163,4873297,4609398,5143815,5640202,5337793,5923238
2027-10-01,25406,21410,29862,4878929,4619241,5144232,5639716,5350127,5904367
2027-10-05,25434,21358,30077,4892786,4628584,5166200,5626407,5336765,5910552
2027-10-06,25450,21380,30248,4893456,4627280,5164098,5619350,5299429,5902034
2027-10-07,25472,21536,30172,4893112,4633006,5174452,5611785,5316900,5904652
2027-10-08,25470,21415,30341,4890187,4636487,5176065,5597283,5304147,5868150
2027-10-12,25606,21371,30360,4873350,4602985,5132496,5557945,5281400,5854956
2027-10-13,25632,21577,30395,4866132,4603885,5153352,5545051,5267336,5852827
2027-10-14,25658,21556,30719,4858225,4587977,5131252,5532638,5239500,5816387
2027-10-15,25678,21478,30375,4849444,4596614,5140027,5519574,5256722,5802057
2027-10-19,25725,21415,30807,4810605,4546308,5101978,5472512,5197559,5742934
2027-10-20,25721,21406,30811,4800617,4523630,5099335,5462049,5189516,5738507
2027-10-21,25715,21456,30864,4791048,4518013,5077455,5453155,5181983,5739936
2027-10-22,25700,21453,30642,4781771,4511899,5078233,5444684,5162302,5733932
2027-10-26,25595,21384,30850,4752330,4488448,5029085,5423705,5144096,5708575
2027-10-27,25557,21175,30648,4747300,4464758,5029029,5420974,5156839,5720092
2027-10-28,25520,21079,30610,4743545,4469464,5028370,5419916,5144098,5694988
2027-10-29,25478,21071,30607,4740830,4476591,5031976,5419286,5140034,5710809
2027-11-02,25322,21019,30383,4742099,4470293,5034173,5426169,5129783,5721559
2027-11-03,25289,20686,30368,4745080,4458294,5047200,5428908,5128269,5683043
2027-11-04,25262,20828,30427,4749139,4478363,5063379,5432475,5151255,5715191
2027-11-05,25238,20752,30504,4753903,4491362,5038113,5435635,5128879,5720018
2027-11-09,25215,20690,30445,4779054,4488210,5076676,5448473,5168815,5728712
2027-11-10,25225,20676,30348,4786005,4509065,5080874,5450541,5150788,5730860
2027-11-11,25244,20735,30530,4793090,4498830,5103796,5452647,5176042,5734996
2027-11-12,25268,20681,30566,4799931,4520064,5092663,5453707,5165410,5733018
2027-11-16,25418,20654,30692,4824035,4529267,5147171,5453505,5169642,5739391
2027-11-17,25462,20656,30815,4828638,4546930,5117688,5451773,5149622,5735401
2027-11-18,25509,20658,30793,4832692,4555111,5144400,5450055,5148884,5717097
2027-11-19,25554,20735,31130,4835933,4545267,5134785,5447433,5141211,5717488
2027-11-23,25708,20847,31440,4842152,4565092,5155567,5435207,5164020,5735687
2027-11-24,25732,20769,31386,4842000,4540986,5149206,5431459,5139275,5737652
2027-11-25,25751,20785,31342,4841394,4536580,5166056,5428135,5154511,5703330
2027-11-26,25761,20892,31551,4840176,4536865,5154382,5424366,5152038,5726730
2027-11-30,25722,20673,31511,4831855,4525465,5155604,5411078,5123046,5681139
2027-12-01,25690,20686,31464,4829100,4529156,5164056,5407685,5116136,5718102
2027-12-02,25654,20532,31556,4826315,4528572,5134637,5404778,5126034,5695670
2027-12-03,25609,20538,31470,4823337,4519227,5143395,5401459,5111370,5700487
2027-12-07,25395,20332,31389,4811212,4509158,5150896,5388389,5127651,5679512
2027-12-08,25337,20394,31078,4808016,4505927,5130148,5384356,5091093,5674725
2027-12-09,25283,20238,31313,4804841,4485910,5122584,5380410,5090828,5645499
2027-12-10,25230,20285,31175,4801462,4482860,5120644,5375682,5071084,5672649
2027-12-14,25083,20057,31122,4786229,4485265,5095819,5353221,5085419,5638047
2027-12-15,25067,19816,30959,4781639,4458040,5097828,5346148,5065735,5630009
2027-12-16,25062,19895,31151,4776763,4493330,5109519,5338998,5055018,5631461
2027-12-17,25066,19897,31116,4771385,4444737,5123016,5331047,5057106,5626390
2027-12-21,25197,20021,31282,4745697,4441584,5093817,5297383,5021397,5574241
2027-12-22,25253,19944,31335,4738166,4433622,5054132,5288530,5008647,5556453
2027-12-23,25320,20196,31478,4730373,4403166,5053454,5280195,4996227,5574094
2027-12-24,25393,20091,31547,4722211,4408563,5042902,5271792,4979166,5558423
2027-12-28,25729,20226,32411,4688738,4379424,5006588,5244666,4953670,5531267
2027-12-29,25814,20143,32088,4680622,4356259,5012338,5239711,4941891,5537422
2027-12-30,25898,20275,32501,4672964,4360929,5021970,5236133,4960723,5530864
2027-12-31,25976,20198,32517,4665738,4351225,5000557,5233338,4920994,5502366
2028-01-04,26213,20401,33009,4644746,4326164,4983925,5235082,4954900,5520519
2028-01-05,26245,20386,32944,4641954,4338209,4998517,5238352,4939498,5509492
2028-01-06,26267,20418,32939,4640423,4341687,4992894,5243073,4959484,5527858
